ID_Medicamento,Principio_Activo,Nombre_Comercial,Laboratorio,Formato,Dosis_mg,Unidades_por_Caja,Precio_BS,Precio_USD,Es_Marca,URL_Fuente,Fecha_Scrape,Fabricante_Origen,Fuente_Origen,Fuente_Origen_URL,Proxy_Origen,Categoria_antibiotico,Categoria_antidepresivo,Categoria_antifúngico,Categoria_antihistaminico,Categoria_cardiovascular,Categoria_gastrointestinal,Categoria_neurológico,Cadena_Farmatodo,Cadena_Locatel,Segmento_Medio,Segmento_Alto,Segmento_Bajo,residuos,y_hat,Precio_USD_Estimado
79,Amoxicilina,VALMORCA AMOXIVAL 875 MG X 20 TABLETAS RECUBIERTAS,VALMOR,Tableta,875,20,8692.13,18.3355,1,https://www.locatel.com.ve/valmorca_amoxival_tabletas_recubiertas_875mg_x_20/p,2026-04-06,Venezuela, INHRR,https://inhrr.gob.ve/sismed/productos-farma/E.F.40.054,0,1,0,0,0,0,0,0,0,1,1,0,0,0.48168416302626005,2.4802586215383093,11.08
17,Amoxicilina,Amoxicilina 500 Mg Genven Caja X 12 Cápsulas,Genven,Cápsula,500,12,2108.5,4.4478,0,https://www.farmatodo.com.ve/producto/114435395-amoxicilina-500mg-12-capsulas-genven,2026-04-06,Venezuela,INHRR,https://inhrr.gob.ve/sismed/productos-farma/E.F.G.39.124,1,1,0,0,0,0,0,0,1,0,1,0,0,0.028455465717802664,1.6667563917360235,4.03
66,Sertralina,Sertralina 50 Mg Calox Caja X 10 Tabletas,Calox,Tableta,50,10,2550.0,5.3791,0,https://www.farmatodo.com.ve/producto/111206035-sertralina-calox-50-mg-x-10-tabletas,2026-04-06,Colombia,INHRR,https://inhrr.gob.ve/sismed/productos-farma/E.F.G.36.820,0,0,1,0,0,0,0,0,1,0,0,0,1,0.3686977462148946,1.4843292753603627,3.28
117,Omeprazol,VARGAS OMEPRAZOL 20 MG X30 CAPSULAS,VARGAS,Cápsula,20,30,2007.49,4.2347,0,https://www.locatel.com.ve/cvargas_omeprazol_20_mg_x30_capsulas/p,2026-04-06,Venezuela,INHRR,https://inhrr.gob.ve/sismed/productos-farma/E.F.G.30.231,0,0,0,0,0,0,1,0,0,1,1,0,0,0.006675675010402005,1.6486338610797548,4.0
77,Amlodipina,CALOX AMLODIPINA 5 MG X10 TABLETAS,CALOX,Tableta,5,10,710.99,1.4998,0,https://www.locatel.com.ve/calox_amlodipina_5_mg_x10_tabletas/p,2026-04-06,Venezuela,Calox,https://calox.com/producto/amlodipina/,0,0,0,0,0,1,0,0,0,1,1,0,0,-0.1251490616129748,1.0413597902869591,1.86
20,Atorvastatina,Atorvastatina 20 Mg Genven Caja X 10 Comprimidos,Genven,Tableta,20,10,1420.0,2.9954,0,https://www.farmatodo.com.ve/producto/112910359-atorvastatina-20mg-10comprimidos,2026-04-06,Venezuela,Farmatodo,https://www.farmatodo.com.ve/producto/112910359-atorvastatina-20mg-10comprimidos,0,0,0,0,0,1,0,0,1,0,1,0,0,0.33921048521674435,1.0459332141457502,1.87
125,Acetaminofen,TACHIFORTE TAB 1G X20 ELM,ELMOR,Tableta,1000,20,1991.05,4.2,1,https://www.farmaciasaas.com/elmor-tachiforte-tab-1g-x20-elm-13061/p,2026-04-06,Venezuela,INHRR,https://inhrr.gob.ve/sismed/productos-farma/E.F.40.210,0,0,0,0,0,0,0,0,0,0,1,0,0,-0.25228320463899934,1.900941830226381,6.11
25,Cetirizina,Cetirizina 10 Mg Genven Caja X 10 Comprimidos,Genven,Tableta,10,10,830.0,1.7508,0,https://www.farmatodo.com.ve/producto/113016404-cetirizina-10mg-10comprimidos,2026-04-06,Venezuela,Farmatodo,https://www.farmatodo.com.ve/producto/113016404-cetirizina-10mg-10comprimidos,0,0,0,0,1,0,0,0,1,0,1,0,0,0.1578292083047932,0.8540625701587508,1.29
67,Sertralina,Sertralina 50mg La Santé Caja X 10 Tabletas,La Santé,Tableta,50,10,2720.0,5.7377,0,https://www.farmatodo.com.ve/producto/111025693-sertralina-50mg-x10-tabletas-la-sante,2026-04-06,Venezuela,Pharmetique,https://www.pharmetiquelabs.com.ve/producto/sertralina-50mg-tab-x-10-00/,0,0,1,0,0,0,0,0,1,0,1,0,0,0.15992194363247236,1.7477966767631774,4.58
155,Ibuprofeno,IBUPROFENO TAB 800MG X10 FMED,FARMAMED,Tableta,800,10,763.24,1.61,0,https://www.farmaciasaas.com/farmamed-ibuprofeno-tab-800mg-x10-fmed-53299/p,2026-04-06,India,GS1,https://www.gs1.org/services/verified-by-gs1/results?gtin=8906082150980,1,0,0,0,0,0,0,0,0,0,0,0,1,0.12788806268232344,0.8314621586522786,1.31
46,Metformina,Metformina Clorhidrato 500mg 30tabletas Gencer,Gencer,Tableta,500,30,835.0,1.7614,0,https://www.farmatodo.com.ve/producto/116439605-metformina-clorhidrato-500mg-30tabletas-gencer,2026-04-06,Venezuela,Farmatodo,https://www.farmatodo.com.ve/producto/116439605-metformina-clorhidrato-500mg-30tabletas-gencer,0,0,0,0,0,1,0,0,1,0,1,0,0,-0.6352115006761612,1.650949298176076,4.11
43,Losartan Potasico,Losartán Potásico 50 Mg Dac Caja X 30 Tabletas,Medicamentos Dac 55,Tableta,50,30,695.0,1.4661,0,https://www.farmatodo.com.ve/producto/113686547-losartan-potasico-dac-50mg-x30-tabletas,2026-04-06,India,Farmatodo,https://www.farmatodo.com.ve/producto/113686547-losartan-potasico-dac-50mg-x30-tabletas,0,0,0,0,0,1,0,0,1,0,0,0,1,-0.3476412255891538,1.250279181009522,2.34
114,Nitrofurantoina,DAC NITROFURANTOINA 50MG X 30 TABLETAS RECUBIERTAS,DAC,Tableta,50,30,727.01,1.5336,0,https://www.locatel.com.ve/dac_nitrofurantoina_50mg_x_30_tabletas_recubiertas/p,2026-04-06,India,Farmatodo,https://www.farmatodo.com.ve/producto/115674646-nitrofurantoina-50-mg-dac-x-30-tabletas,0,1,0,0,0,0,0,0,0,1,0,0,1,-0.7492449268212796,1.6788861430635726,3.75
83,Amoxicilina,CALOX AMOXICILINA 500 MG X 12 CAPSULAS,CALOX,Cápsula,500,12,2014.46,4.2494,0,https://www.locatel.com.ve/calox_amoxicilina_500_mg_x_12_capsulas/p,2026-04-06,Venezuela,INHRR,https://inhrr.gob.ve/sismed/productos-farma/E.F.G.20.340,0,1,0,0,0,0,0,0,0,1,1,0,0,-0.00864260737788669,1.6667563917360235,4.03
68,Acetaminofen,TACHIFORTE 1 GR X20 TABLETAS,ELMOR,Tableta,1000,20,2230.0,4.704,1,https://www.locatel.com.ve/tachiforte_1_gr_x20_tabletas/p,2026-04-06,Venezuela,INHRR,https://inhrr.gob.ve/sismed/productos-farma/E.F.40.210,0,0,0,0,0,0,0,0,0,1,1,0,0,-0.1597741471143863,1.900941830226381,6.11
16,Amoxicilina,Amoxicilina 500mg La Sante Caja X 6 Cápsulas,La Santé,Cápsula,500,6,1890.0,3.9868,0,https://www.farmatodo.com.ve/producto/111007558-amoxicilina-500mg-6capsulas-la-sante,2026-04-06,India,INHRR,https://inhrr.gob.ve/sismed/productos-farma/E.F.G.39.107,1,1,0,0,0,0,0,0,1,0,0,0,1,0.34110538732017526,1.2656890341685076,2.41
116,Nitrofurantoina,NITROFURANTOINA CA 50MG X 30 TAB REC,CALOX,Tableta,50,30,4562.14,9.6236,0,https://www.locatel.com.ve/nitrofurantoina_ca_50mg_x_30_tab_rec/p,2026-04-06,Venezuela,INHRR,https://calox.com/producto/nitrofurantoina/,0,1,0,0,0,0,0,0,0,1,1,0,0,0.42072439695647956,1.9423535444663873,5.19
169,Metronidazol,METRONIDAZOL TAB 500MG X10 CR DIST,CR DISTRILAB,Tableta,500,10,592.57,1.25,0,https://www.farmaciasaas.com/distrilab-metronidazol-tab-500mg-x10-cr-dist-51052/p,2026-04-06,China,INHRR,https://inhrr.gob.ve/sismed/productos-farma/E.F.G.44.331,1,1,0,0,0,0,0,0,0,0,0,0,1,-0.5464921220619796,1.3574223382783084,2.7
69,Acetaminofen,FC APYRENE 650 MG X10 CAPSULAS BLANDAS,FC LABORATORIOS,Cápsula,650,10,1840.2,3.8818,1,https://www.locatel.com.ve/fc_apyrene_650_mg_x10_capsulas_blandas/p,2026-04-06,Venezuela,INHRR,https://inhrr.gob.ve/sismed/productos-farma/E.F.34.521,0,0,0,0,0,0,0,0,0,1,1,0,0,0.020618657734645218,1.564895346580082,4.13
121,Sertralina,PHARMETIQUE TRALIX 50 MG X 30 TABLETAS,PHARMETIQUE,Tableta,50,30,6398.87,13.498,1,https://www.locatel.com.ve/pharmetique_tralix_50_mg_x_30_tabletas/p,2026-04-06,Colombia,Farmatodo,https://www.farmatodo.com.ve/producto/115569555-tralix-50mg-30tabletas,0,0,1,0,0,0,0,0,0,1,0,0,1,0.2153148878564175,2.4586958210222685,10.51
145,Cetirizina,TALZIC COMP 10MG X10 ELM,ELMOR,Tableta,10,10,730.05,1.54,1,https://www.farmaciasaas.com/elmor-talzic-comp-10mg-x10-elm-10310/p,2026-04-06,Venezuela,INHRR,https://inhrr.gob.ve/sismed/productos-farma/E.F.28.274,0,0,0,0,1,0,0,0,0,0,1,0,0,-0.4375985142412073,1.3697625952716526,3.1
31,Ibuprofeno,Ibuprofeno 800 Mg Brugesic Forte Elmor Caja X 10 Comprimidos,Elmor,Tableta,800,10,3725.0,7.8577,1,https://www.farmatodo.com.ve/producto/114937459-ibuprofeno-800-mg-brugesic-forte-x-10-comprimidos-elmor,2026-04-06,Venezuela,INHRR,https://inhrr.gob.ve/sismed/productos-farma/E.F.40.290,0,0,0,0,0,0,0,0,1,0,1,0,0,0.5706575520692649,1.610629585167995,4.4
10,Amlodipina,Amlodipina 10 Mg Genven Caja X 10 Comprimidos,Genven,Tableta,10,10,660.0,1.3922,0,https://www.farmatodo.com.ve/producto/113016375-amlodipina-10mg-10comprimidos,2026-04-06,Venezuela,Farmatodo,https://www.farmatodo.com.ve/producto/113016375-amlodipina-10mg-10comprimidos,0,0,0,0,0,1,0,0,1,0,1,0,0,-0.1706708202733288,1.0428842649065562,1.86
122,Sertralina,SERTRALINA  50 MG X10 COMPRIMIDO GENVEN,GENVEN,Tableta,50,10,2004.97,4.2294,0,https://www.locatel.com.ve/genven_sertralina_compd_50mgx10/p,2026-04-06,Venezuela,Farmatodo,https://www.farmatodo.com.ve/producto/111025189-sertralina-50-mg-10-comprimidos-genven,0,0,1,0,0,0,0,0,0,1,1,0,0,-0.09350012802085028,1.7477966767631774,4.58
158,Loratadina,LORATADINA COMP 10MG X10 CCM,CR CCM,Tableta,10,10,474.06,1.0,0,https://www.farmaciasaas.com/ccm-loratadina-comp-10mg-x10-ccm-53569/p,2026-04-06,Colombia,myHealthBox,https://myhealthbox.eu/es/loratadina-10-mg-comprimidos/6765096,0,0,0,0,1,0,0,0,0,0,0,0,1,0.10255201180400919,0.5905951687559361,0.75
19,Atorvastatina,Atorvastatina 40 Mg Vaspitor Rowe Caja X 30 Comprimidos,Rowe,Tableta,40,30,6780.0,14.302,1,https://www.farmatodo.com.ve/producto/115620509-vaspitor-atorvastatina-40-mg-rowe-x-30-comprimidos,2026-04-06,República Dominicana,Farmatodo,https://www.farmatodo.com.ve/producto/115620509-vaspitor-atorvastatina-40-mg-rowe-x-30-comprimidos,0,0,0,0,0,1,0,0,1,0,0,1,0,0.06721769436219116,2.660765844447469,13.09
135,Amoxicilina,AMOXIVAL TAB REC 875MG X20 VLM,VALMOR,Tableta,875,20,8917.06,18.81,1,https://www.farmaciasaas.com/valmorca-amoxival-tab-rec-875mg-x20-vlm-98747/p,2026-04-06,Venezuela, INHRR,https://inhrr.gob.ve/sismed/productos-farma/E.F.40.054,0,1,0,0,0,0,0,0,0,0,1,0,0,0.50592823917215,2.4802586215383093,11.08
70,Acetaminofen,ACETAMINOFEN 500 MG X10 COMPRIMIDOS GENVEN,GENVEN,Tableta,500,10,287.97,0.6075,0,https://www.locatel.com.ve/acetaminofen_gv_500mg_x10_comp/p,2026-04-06,Venezuela,Farmatodo,https://www.farmatodo.com.ve/producto/113016367-acetaminofen-500mg-10tabletas,0,0,0,0,0,0,0,0,0,1,1,0,0,-0.5287809057496295,1.003461082879267,1.72
96,Ibuprofeno,LUMBAX 800 MG X6 COMPRIMIDOS .RECUBIERTOS,VARGAS,Tableta,800,6,3303.99,6.9696,1,https://www.locatel.com.ve/lumbax_comp-rec-_800mg_x6/p,2026-04-06,Venezuela,INHRR,https://inhrr.gob.ve/sismed/productos-farma/E.F.37.320,0,0,0,0,0,0,0,0,0,1,1,0,0,0.5567380222786875,1.5188962810581943,3.98
126,Acetaminofen,APYRENE CAP BLD 650MG X10 FC,FC PHARMA,Cápsula,650,10,1891.5,3.99,1,https://www.farmaciasaas.com/fc-pharma-apyrene-cap-bld-650mg-x10-fc-8363/p,2026-04-06,Venezuela,INHRR,https://inhrr.gob.ve/sismed/productos-farma/E.F.34.521,0,0,0,0,0,0,0,0,0,0,1,0,0,0.04254056318334554,1.564895346580082,4.13
100,Loratadina,GENVEN LORATADINA  10 MG X10 COMPRIMIDOS,GENVEN,Tableta,10,10,799.77,1.6871,0,https://www.locatel.com.ve/loratadina_genven_10mg_x_10_comprimidos/p,2026-04-06,Venezuela,myHealthBox,https://myhealthbox.eu/es/loratadina-10-mg-comprimidos/4518722,0,0,0,0,1,0,0,0,0,1,1,0,0,0.13439997500837153,0.8540625701587508,1.29
172,Nitrofurantoina,MAXIFUR CAP 50MG X 30,TIARES,Cápsula,50,30,4811.71,10.15,1,https://www.farmaciasaas.com/tiares-maxifur-cap-50mg-x-30-30340/p,2026-04-06,India,Farmatodo,https://www.farmatodo.com.ve/producto/116294531-maxifur-50mg-30capsulas-nitrofurantoina-tiares,1,1,0,0,0,0,0,0,0,0,0,0,1,0.21685332972965332,2.1945861681764747,7.5
102,Loratadina,LA SANTE LORATADINA 10 MG X 10 TABLETAS,LA SANTE,Tableta,10,10,975.86,2.0585,0,https://www.locatel.com.ve/la_sante_loratadina_10mg_x_10_tabletas/p,2026-04-06,Venezuela,Pharmetique,https://www.pharmetiquelabs.com.ve/producto/loratadina-10mg-x20-tabletas-la-santelinea-alergo-respiratoria/,0,0,0,0,1,0,0,0,0,1,1,0,0,0.26386202954173177,0.8540625701587508,1.29
142,Atorvastatina,ATORVASTATINA TAB 20MG X30 ALESS,ALESS,Tableta,20,30,1531.21,3.23,0,https://www.farmaciasaas.com/aless-atorvastatina-tab-20mg-x30-aless-23795/p,2026-04-06,India,INHRR,https://inhrr.gob.ve/sismed/productos-farma/E.F.G.44.252,0,0,0,0,0,1,0,0,0,0,0,0,1,0.20106965976624736,1.2411323332919393,2.31
30,Fluconazol,Fluconazol 150 Mg Genven Caja X 2 Cápsulas,Leti,Cápsula,150,2,1370.0,2.8899,0,https://www.farmatodo.com.ve/producto/111023875-fluconazol-150mg-2capsulas-genven,2026-04-06,Venezuela,Farmatodo,https://www.farmatodo.com.ve/producto/111023875-fluconazol-150mg-2capsulas-genven,0,0,0,1,0,0,0,0,1,0,1,0,0,-0.0019170255014515636,1.3603004758605033,2.88
118,Omeprazol,OMEPRAZOL 40 ML X10 CAPSULAS GENVEN,GENVEN,Cápsula,40,10,2645.61,5.5808,0,https://www.locatel.com.ve/omeprazol_gv_caps_40mg_x10/p,2026-04-06,Venezuela,Farmatodo,https://www.farmatodo.com.ve/producto/111946840-omeprazol-40mg-10-capsulas,0,0,0,0,0,0,1,0,0,1,1,0,0,0.6880910794848831,1.1960652390091395,2.35
161,Losartan Potasico,LOSARTAN POTA COMP 50MG X10 LETI,LETI,Tableta,50,10,350.8,0.74,0,https://www.farmaciasaas.com/farmacia-saas-losartan-pota-comp-50mg-x10-leti-3399/p,2026-04-06,Venezuela,Farmatodo,https://www.farmatodo.com.ve/producto/111032110-losartan-potasico-50mg-10-comprimidos,0,0,0,0,0,1,0,0,0,0,1,0,0,-0.5011949486368953,1.055080061863333,1.9
32,Ibuprofeno,Ibuprofeno 600 Mg Anapir Fc Laboratorios Caja X 10 Cápsulas Blandas,FC Laboratorios,Cápsula,600,10,2180.0,4.5986,1,https://www.farmatodo.com.ve/producto/116412605-ibuprofeno-600-mg-anapir-fc-laboratorios-caja-x-10-capsulas-blandas,2026-04-06,Argentina,Farmatodo,https://www.farmatodo.com.ve/producto/116412605-ibuprofeno-600-mg-anapir-fc-laboratorios-caja-x-10-capsulas-blandas,0,0,0,0,0,0,0,0,1,0,0,1,0,-0.4615022200596415,2.184018786545536,8.12
13,Amoxicilina,//Amoxiduo 875mg 14comprimidos Amoxicilina Megalabs,Roemmers,Tableta,875,14,6705.0,14.1438,1,https://www.farmatodo.com.ve/producto/111020693-amoxicilina-amoxiduo-875mg-14comp,2026-04-06,Argentina,INHRR,https://inhrr.gob.ve/sismed/productos-farma/E.F.31.313,0,1,0,0,0,0,0,0,1,0,0,1,0,-0.2594356442656678,2.977026851535033,18.36
52,Metronidazol,Metronidazol 500 Mg Alpharma Caja X 10 Tabletas,Alpharma,Tableta,500,10,2410.0,5.0837,0,https://www.farmatodo.com.ve/producto/114919411-metronidazol-500-mg-x-10-tabletas-alpharma,2026-04-06,México,Alpharma,https://www.laboratoriosalpharma.com.mx,1,1,0,0,0,0,0,0,1,0,0,0,1,0.4481907252382824,1.3574223382783084,2.7
42,Losartan Potasico,Losartán Potásico 50 Mg Calox Caja X 10 Tabletas,Calox,Tableta,50,10,385.0,0.8121,0,https://www.farmatodo.com.ve/producto/112225351-losartan-potasico-50mg-10tabletas-calox,2026-04-06,Venezuela,INHRR,https://inhrr.gob.ve/sismed/productos-farma/E.F.G.34.265,0,0,0,0,0,1,0,0,1,0,1,0,0,-0.4605936681273579,1.055080061863333,1.9
86,Atorvastatina,CALOX ATORVASTATINA 20MG X 30 TABLETAS,CALOX,Tableta,20,30,3178.53,6.7049,0,https://www.locatel.com.ve/calox_atorvastatina_20mg_x_30_tabletas/p,2026-04-06,Costa Rica,INHRR,https://inhrr.gob.ve/sismed/productos-farma/E.F.G.36.817,0,0,0,0,0,1,0,0,0,1,1,0,0,0.5372567554077683,1.504599734694754,3.32
94,Fluconazol,GNC FLUCONAZOL 150 MG X2 CAPSULAS.,VALMOR,Cápsula,150,2,1310.44,2.7643,0,https://www.locatel.com.ve/fluconazol_gnc_caps_150mg_x2/p,2026-04-06,Venezuela,INHRR,https://inhrr.gob.ve/sismed/productos-farma/E.F.G.34.692,0,0,0,1,0,0,0,0,0,1,1,0,0,-0.03473855486923294,1.3603004758605033,2.88
57,Nitrofurantoina,Nitrofurantoína 100 Mg Laproff Blíster X 10 Tabletas,Laproff,Tableta,100,10,1780.0,3.7548,0,https://www.farmatodo.com.ve/producto/111961226-nitrofurantoina-100mg-blister-10tabletas-laproff,2026-04-06,Colombia,Laproff,https://laproff.com/producto/nitrofurantoina-capsulas-100-mg-77,0,1,0,0,0,0,0,0,1,0,0,0,1,0.3236902654137921,1.23546436871054,2.21
39,Loratadina,Loratadina 10 Mg La Sante Caja X 10 Tabletas,La Santé,Tableta,10,10,975.0,2.0567,0,https://www.farmatodo.com.ve/producto/114612486-loratadina-10mg-10-tabletas-la-sante,2026-04-06,Venezuela,Pharmetique,https://www.pharmetiquelabs.com.ve/producto/loratadina-10mg-x20-tabletas-la-santelinea-alergo-respiratoria/,1,0,0,0,1,0,0,0,1,0,1,0,0,0.26327333250746165,0.8540625701587508,1.29
147,Cetirizina,CETIRIZINA TAB 10MG X10 FMED,FARMAMED,Tableta,10,10,564.13,1.19,0,https://www.farmaciasaas.com/farmamed-cetirizina-tab-10mg-x10-fmed-51765/p,2026-04-06,India,GS1,https://www.gs1.org/services/verified-by-gs1/results?gtin=8906082150980,0,0,0,0,1,0,0,0,0,0,0,0,1,0.19330637507247328,0.5905951687559361,0.75
91,Cetirizina,CETIRIZINA 10 MG X10 COMPRIMIDOS GENVEN,GENVEN,Tableta,10,10,819.88,1.7295,0,https://www.locatel.com.ve/genven_cetirizina_10_mg_x10_comprimidos/p,2026-04-06,Venezuela,Farmatodo,https://www.farmatodo.com.ve/producto/113016404-cetirizina-10mg-10comprimidos,0,0,0,0,1,0,0,0,0,1,1,0,0,0.1500558720809244,0.8540625701587508,1.29
144,Cetirizina,CETIRIVAX CAP BLD 10MG X10 VIV,VIVAX,Cápsula,10,10,839.09,1.77,1,https://www.farmaciasaas.com/vivax-cetirivax-cap-bld-10mg-x10-viv-1291/p,2026-04-06,Colombia,INHRR,https://inhrr.gob.ve/sismed/productos-farma/E.F.31.219,0,0,0,0,1,0,0,0,0,0,0,0,1,-0.08744787366959073,1.106295193868838,2.14
150,Fluconazol,FLUCONAZOL CAP 150MG X2 VIV,CALOX,Cápsula,150,2,1156.71,2.44,0,https://www.farmaciasaas.com/farmacia-saas-fluconazol-cap-150mg-x2-viv-90869/p,2026-04-06,Colombia,INHRR,https://inhrr.gob.ve/sismed/productos-farma/E.F.28.745,0,0,0,1,0,0,0,0,0,0,0,0,1,0.13863839692761837,1.0968330744576886,1.98
3,Acetaminofen,Acetaminofén 500 Mg Genven Caja X 10 Tabletas,Genven,Tableta,500,10,290.0,0.6117,0,https://www.farmatodo.com.ve/producto/113016367-acetaminofen-500mg-10tabletas,2026-04-06,Venezuela,Farmatodo,https://www.farmatodo.com.ve/producto/113016367-acetaminofen-500mg-10tabletas,0,0,0,0,0,0,0,0,1,0,1,0,0,-0.5261715603327316,1.003461082879267,1.72
107,Metformina,CAPSUVEN METFORM TABLETAS 850 X30,CAPSUVEN,Tableta,850,30,1496.21,3.1562,0,https://www.locatel.com.ve/capsuven_metform_tabletas_850_x30/p,2026-04-06,Bangladesh,Farmatodo,https://www.farmatodo.com.ve/producto/111972054-metformina-metform-500mg-30tabletas-aci-limited,0,0,0,0,0,1,0,0,0,1,0,0,1,-0.06959392487058125,1.4941951201450585,3.43
130,Acido Valproico,VALPRON TAB 500MG X60 FAR,FARMA,Tableta,500,60,19777.77,41.72,1,https://www.farmaciasaas.com/farma-valpron-tab-500mg-x60-far-3272/p,2026-04-06,Venezuela,INHRR, https://inhrr.gob.ve/sismed/productos-farma/E.F.23.174,0,0,0,0,0,0,0,1,0,0,1,0,0,-0.04847234981581661,3.803139544467756,46.26
149,Fluconazol,FLUCONAZOL TAB 150MG X2 KMP,KMPLUS,Tableta,150,2,952.86,2.01,0,https://www.farmaciasaas.com/kmplus-fluconazol-tab-150mg-x2-kmp-23767/p,2026-04-06,India,Farmatodo,https://www.farmatodo.com.ve/producto/116319566-mesalazina-500mg-30comprimidos-kmplus,0,0,0,1,0,0,0,0,0,0,0,0,1,0.00510700430309563,1.0968330744576886,1.98
56,Nitrofurantoina,Nitrofurantoina 100 Mg Cleo Caja X 10 Tabletas,Cleopharma,Tableta,100,10,1620.0,3.4173,0,https://www.farmatodo.com.ve/producto/115015405-nitrofurantoina-100-mg-x-10-tabletas-cleo,2026-04-06,India,INHRR,https://inhrr.gob.ve/sismed/productos-farma/E.F.G.43.051,0,1,0,0,0,0,0,0,1,0,0,0,1,0.25006428099974043,1.23546436871054,2.21
127,Acetaminofen,ACETAMINOFEN TAB 650MG BLIS 5X20 PHARME,MMF,Tableta,650,20,189.62,0.4,0,https://www.farmaciasaas.com/la-sante-acetaminofen-tab-650mg-blis-5x20-pharme-24464/p,2026-04-06,Venezuela,Pharmetique,https://www.pharmetiquelabs.com.ve/producto/acetaminofen-650-mg-x-10-tabletas-la-sante/,0,0,0,0,0,0,0,0,0,0,1,0,0,-0.9420563451204691,1.278528581741682,2.51
61,Omeprazol,Omeprazol 20mg X 20 Tabletas,Medicamentos Dac 55,Tableta,20,20,1080.0,2.2782,0,https://www.farmatodo.com.ve/producto/113685528-omeprazol-dac-20mg-x-20-tabletas,2026-04-06,India,Farmatodo,https://www.farmatodo.com.ve/producto/113685528-omeprazol-dac-20mg-x-20-tabletas,0,0,0,0,0,0,1,0,1,0,0,0,1,0.03146129187068425,1.1558331994024384,2.13
27,Fluconazol,Fluconazol 200 Mg Flucon Rowe Caja X 4 Cápsulas,Rowe,Cápsula,200,4,2445.0,5.1576,1,https://www.farmatodo.com.ve/producto/111933249-fluconazol-flucon-200-mg-x-4-capsulas,2026-04-06,Venezuela,INHRR,https://inhrr.gob.ve/sismed/productos-farma/E.F.41.686,0,0,0,1,0,0,0,0,1,0,1,0,0,-0.11942480798630584,1.9371118992242766,6.37
157,Loratadina,LORATADINA LORAFIT TAB 10MG X10 ADN,CR ADN MEDICAL,Tableta,10,10,431.39,0.91,1,https://www.farmaciasaas.com/adn-medical-loratadina-lorafit-tab-10mg-x10-adn-53261/p,2026-04-06,India,myHealthBox,https://myhealthbox.eu/es/balerloc-10-mg-tabletas-recubiertas/7550750,1,0,0,0,1,0,0,0,0,0,0,0,1,-0.4591919518102995,1.106295193868838,2.14
97,Ibuprofeno,IBUPROFENO  400 MG X10 COMPRIMIDOS GENVEN,GENVEN,Tableta,400,10,1045.68,2.2058,0,https://www.locatel.com.ve/genven_ibuprofeno_comprimidos_400mgx10/p,2026-04-06,Venezuela,INHRR,https://inhrr.gob.ve/sismed/productos-farma/E.F.G.26.697,1,0,0,0,0,0,0,0,0,1,1,0,0,0.19199007872231877,0.9729715904873248,1.62
112,Nitrofurantoina,MACRODANTINA 50 MG X30 CAPSULAS,FARMA,Cápsula,50,30,5367.65,11.3227,1,https://www.locatel.com.ve/macrodantina_50_mg_x30_capsulas/p,2026-04-06,Venezuela,INHRR,https://inhrr.gob.ve/sismed/productos-farma/E.F.16.065,0,1,0,0,0,0,0,0,0,1,1,0,0,0.0533895203591066,2.458053569579289,10.09
174,Omeprazol,OMEPRAZOL JUVILOC TAB 20MG X20 ADN,CR ADN MEDICAL,Tableta,20,20,895.97,1.89,1,https://www.farmaciasaas.com/adn-medical-omeprazol-juviloc-tab-20mg-x20-adn-53250/p,2026-04-06,India,INHRR,https://inhrr.gob.ve/sismed/productos-farma/E.F.44.039,0,0,0,0,0,0,1,0,0,0,0,0,1,-0.6102767223909995,1.6715332245153403,4.6
37,Loratadina,Loratadina 10 Mg Genven Caja X 10 Comprimidos,Genven,Tableta,10,10,815.0,1.7192,0,https://www.farmatodo.com.ve/producto/114430391-loratadina-10mg-10-comprimidos-genven,2026-04-06,Venezuela,myHealthBox,https://myhealthbox.eu/es/loratadina-10-mg-comprimidos/4518722,0,0,0,0,1,0,0,0,1,0,1,0,0,0.14627514924101837,0.8540625701587508,1.29
148,Cetirizina,CETIRIZINA COMP 10MG X10 LETI,LETI,Tableta,10,10,658.94,1.39,0,https://www.farmaciasaas.com/farmacia-saas-cetirizina-comp-10mg-x10-leti-11497/p,2026-04-06,Venezuela,Farmatodo,https://www.farmatodo.com.ve/producto/113016404-cetirizina-10mg-10comprimidos,0,0,0,0,1,0,0,0,0,0,1,0,0,0.017230795784668573,0.8540625701587508,1.29
98,Ibuprofeno,CALOX IBUPROFENO  400 MG X20 TABLETAS,CALOX,Tableta,400,20,2586.03,5.4551,0,https://www.locatel.com.ve/ibuprofeno_calox_400mgx20_tabletas/p,2026-04-06,Venezuela,Calox,https://calox.com/producto/ibuprofeno/,0,0,0,0,0,0,0,0,0,1,1,0,0,0.6625656652835512,1.2023048507618268,2.22
23,Cetirizina,Cetirizina 10 Mg Cetirivax Vivax Caja X 10 Cápsulas,Vivax,Cápsula,10,10,1040.0,2.1938,1,https://www.farmatodo.com.ve/producto/111021831-cetirizina-cetirivax-10-mg-x-10-capsulas,2026-04-06,Colombia,INHRR,https://inhrr.gob.ve/sismed/productos-farma/E.F.31.219,0,0,0,0,1,0,0,0,1,0,0,0,1,0.05491623655579181,1.106295193868838,2.14
176,Omeprazol,OMEPRAZOL CAP 20MG X14 CLX,CALOX,Cápsula,20,14,1512.25,3.19,0,https://www.farmaciasaas.com/calox-omeprazol-cap-20mg-x14-clx-21060/p,2026-04-06,Venezuela,INHRR,https://inhrr.gob.ve/sismed/productos-farma/E.F.G.27.785,0,0,0,0,0,0,1,0,0,0,1,0,0,0.1510000892934944,1.281700644640552,2.61
151,Fluconazol,FLUCONAZOL CAP 150MG X2 PHARME,MMF,Cápsula,150,2,1294.18,2.73,0,https://www.farmaciasaas.com/elter-fluconazol-cap-150mg-x2-pharme-4051/p,2026-04-06,Venezuela,Pharmetique,https://www.pharmetiquelabs.com.ve/producto/fluconazol-150mg-x2-tabletas-la-sante/,0,0,0,1,0,0,0,0,0,0,1,0,0,-0.043892242204779164,1.3603004758605033,2.88
111,Metronidazol,ALESS METRONIDAZOL 500 MG X10 TABLETAS,ALESS,Tableta,500,10,1027.02,2.1664,0,https://www.locatel.com.ve/aless_metronidazol_tabletas_500mg_x10/p,2026-04-06,India,INHRR,https://inhrr.gob.ve/sismed/productos-farma/E.F.G.42.530,1,1,0,0,0,0,0,0,0,1,0,0,1,-0.2048270424121441,1.3574223382783084,2.7
12,Amlodipina,Amlodipina 10 Mg La Sante Caja X 10 Tabletas,La Santé,Tableta,10,10,765.0,1.6137,0,https://www.farmatodo.com.ve/producto/111026111-amlodipina-10mg-x10-tabletas-la-sante,2026-04-06,Venezuela,Pharmetique,https://www.pharmetiquelabs.com.ve/producto/amlodipina-10mg-x10-tabletas-la-sante/,0,0,0,0,0,1,0,0,1,0,1,0,0,-0.08211742293188384,1.0428842649065562,1.86
7,Acido Valproico,Vastrón Ácido Valproico 500 Mg Cleo X 30 Tabletas,Cleopharma,Tableta,500,30,4685.0,9.8827,1,https://www.farmatodo.com.ve/producto/115647576-vastron-acido-valproico-500-mg-cleo-x-30-tabletas,2026-04-06,India,Farmatodo,https://www.farmatodo.com.ve/producto/115647576-vastron-acido-valproico-500-mg-cleo-x-30-tabletas,0,0,0,0,0,0,0,1,1,0,0,0,1,-0.4644979898359707,2.8516723622414357,18.66
28,Fluconazol,Fluconazol 150 Mg Remeny Caja X 2 Tabletas,Remeny,Tableta,150,2,790.0,1.6665,0,https://www.farmatodo.com.ve/producto/111972683-fluconazol-150mg-2tabletas-remeny,2026-04-06,India,myHealthBox,https://myhealthbox.eu/es/fluconazol-150-mg-capsulas/7382278,0,0,0,1,0,0,0,0,1,0,0,0,1,-0.11606632339916878,1.0968330744576886,1.98
164,Metformina,GLUCOPHAGE TAB 850MG X30,RODALVAN,Tableta,850,30,11239.96,23.71,1,https://www.farmaciasaas.com/farmacia-saas-glucophage-tab-850mg-x30-102805/p,2026-04-06,Francia,INHRR,https://inhrr.gob.ve/sismed/productos-farma/E.F.28.563,0,0,0,0,0,1,0,0,0,0,0,1,0,0.29947728717831845,2.9077307328222,17.72
5,Acetaminofen,Acetaminofén 650 Mg La Santé Caja X 10 Tabletas,La Santé,Tableta,650,10,410.0,0.8649,0,https://www.farmatodo.com.ve/producto/111243559-acetaminofen-650-mg-x-10-tabletas-la-sante,2026-04-06,Venezuela,Pharmetique,https://www.pharmetiquelabs.com.ve/producto/acetaminofen-650-mg-x-10-tabletas-la-sante/,0,0,0,0,0,0,0,0,1,0,1,0,0,-0.42598788911191654,1.04919532146718,1.86
33,Ibuprofeno,Ibuprofeno 400 Mg Remeny Caja X 10 Tabletas,Remeny,Tableta,400,10,730.0,1.5399,0,https://www.farmatodo.com.ve/producto/111970850-ibuprofeno-remeny-400-mg-x-10-tabletas,2026-04-06,India,myHealthBox,https://myhealthbox.eu/es/ibuprofeno-400-mg-tabletas-recubiertas/7550848,0,0,0,0,0,0,0,0,1,0,0,0,1,0.222620521092173,0.7095041890845102,1.01
76,Amlodipina,AMLODIPINA   10 MG X10 TABLETAS GENVEN,GENVEN,Tableta,10,10,651.56,1.3744,0,https://www.locatel.com.ve/amlodipina_gv_tabl10mgx10/p,2026-04-06,Venezuela,Farmatodo,https://www.farmatodo.com.ve/producto/113016375-amlodipina-10mg-10comprimidos,0,0,0,0,0,1,0,0,0,1,1,0,0,-0.17813949091563186,1.0428842649065562,1.86
129,Acetaminofen,ACETAMINOFEN TAB 650 MG X10 ZUZU,ZUZU,Tableta,650,10,379.25,0.8,0,https://www.farmaciasaas.com/zuzu-acetaminofen-tab-650-mg-x10-zuzu-52548/p,2026-04-06,India,INHRR,https://inhrr.gob.ve/sismed/productos-farma/E.F.G.44.278,1,0,0,0,0,0,0,0,0,0,0,0,1,-0.19794125516224637,0.7857279200643654,1.2
175,Omeprazol,OMEPRAZOL CAP 20MG X7 VARG,LETI,Cápsula,20,7,777.46,1.64,0,https://www.farmaciasaas.com/genven-omeprazol-cap-20mg-x7-varg-20777/p,2026-04-06,Venezuela,INHRR,https://inhrr.gob.ve/sismed/productos-farma/E.F.G.30.231,0,0,0,0,0,0,1,0,0,0,1,0,0,-0.1503884452901758,1.1211673624484007,2.13
11,Amlodipina,Amlodipina 5 Mg Calox Caja X 10 Tabletas,Calox,Tableta,5,10,665.0,1.4028,0,https://www.farmatodo.com.ve/producto/111968738-amlodipina-calox-5-mg-x-10-tabletas,2026-04-06,Venezuela,Calox,https://calox.com/producto/amlodipina/,0,0,0,0,0,1,0,0,1,0,1,0,0,-0.1647250662930898,1.0413597902869591,1.86
115,Nitrofurantoina,CLEO PHARMA NITROFURANTOINA 100MG X 10 TABLETAS,CLEO PHARMA,Tableta,100,10,4042.86,8.5282,0,https://www.locatel.com.ve/cleo_pharma_nitrofurantoina_100mg_x_10_tabletas/p,2026-04-06,India,INHRR,https://inhrr.gob.ve/sismed/productos-farma/E.F.G.43.051,0,1,0,0,0,0,0,0,0,1,0,0,1,1.0187914538862197,1.23546436871054,2.21
131,Acido Valproico,VASTRON TAB REC 500MG X30 CLEO,ANGELUS HEALTH,Tableta,500,30,7580.22,15.99,1,https://www.farmaciasaas.com/angelus-vastron-tab-rec-500mg-x30-cleo-25660/p,2026-04-06,India,Farmatodo,https://www.farmatodo.com.ve/producto/115647576-vastron-acido-valproico-500-mg-cleo-x-30-tabletas,0,0,0,0,0,0,0,1,0,0,0,0,1,-0.01904742655759506,2.8516723622414357,18.66
1,Acetaminofen,Acetaminofén 1 G Tachiforte Elmor Caja X 20 Tabletas,Elmor,Tableta,1000,20,2230.0,4.704,1,https://www.farmatodo.com.ve/producto/111882895-acetaminofen-tachiforte-1-g-x-20-tabletas,2026-04-06,Venezuela,INHRR,https://inhrr.gob.ve/sismed/productos-farma/E.F.40.210,0,0,0,0,0,0,0,0,1,0,1,0,0,-0.1597741471143863,1.900941830226381,6.11
138,Amoxicilina,AMOXICILINA CAP 500MG X10 FMED,Farmamed,Cápsula,500,10,1199.37,2.53,0,https://www.farmaciasaas.com/farmamed-amoxicilina-cap-500mg-x10-fmed-52727/p,2026-04-06,India,GS1,https://www.gs1.org/services/verified-by-gs1/results?gtin=8906082150676,0,1,0,0,0,0,0,0,0,0,0,0,1,-0.09612446733310298,1.3574223382783084,2.7
71,Acetaminofen,CALOX ACETAMINOFEN 500 MG x 10 TABLETAS,CALOX,Tableta,500,10,292.76,0.6176,0,https://www.locatel.com.ve/calox_acetaminofen_500_mg_x_10_tabletas_/p,2026-04-06,Venezuela,INHRR,https://inhrr.gob.ve/sismed/productos-farma/E.F.G.31.234,0,0,0,0,0,0,0,0,0,1,1,0,0,-0.5225175135951969,1.003461082879267,1.72
65,Sertralina,Sertralina 50 Mg Genven Caja X 10 Comprimidos,Genven,Tableta,50,10,2035.0,4.2927,0,https://www.farmatodo.com.ve/producto/111025189-sertralina-50-mg-10-comprimidos-genven,2026-04-06,Venezuela,Farmatodo,https://www.farmatodo.com.ve/producto/111025189-sertralina-50-mg-10-comprimidos-genven,0,0,1,0,0,0,0,0,1,0,1,0,0,-0.08146816412577684,1.7477966767631774,4.58
45,Metformina,Metformina Clohidrato 750 Mg Canfir L.p Leti Caja X 30 Comprimidos,Leti,Tableta,750,30,7855.0,16.5696,1,https://www.farmatodo.com.ve/producto/111913402-canfir-lp-750mg,2026-04-06,Venezuela,INHRR,https://inhrr.gob.ve/sismed/productos-farma/E.F.40.334,0,0,0,0,0,1,0,0,1,0,1,0,0,0.623297081592479,2.242873054268833,8.98
103,Losartan Potasico,LOSARTAN POTASICO   50 MG X10 COMPRIMIDOS GENVEN,GENVEN,Tableta,50,10,316.0,0.6666,0,https://www.locatel.com.ve/losartan_pot_gv_comp_50mgx10/p,2026-04-06,Venezuela,Farmatodo,https://www.farmatodo.com.ve/producto/111032110-losartan-potasico-50mg-10-comprimidos,0,0,0,0,0,1,0,0,0,1,1,0,0,-0.5442944388973635,1.055080061863333,1.9
29,Fluconazol,Fluconazol 200 Mg Laproff Blíster X 4 Cápsulas,Laproff,Cápsula,200,4,1305.0,2.7528,0,https://www.farmatodo.com.ve/producto/111961218-fluconazol-200mg-blister-4capsulas-laproff,2026-04-06,Colombia,Laproff,https://www.laproff.com/producto/fluconazol-capsulas-200-mg-37,0,0,0,1,0,0,0,0,1,0,0,0,1,0.1645577553235511,1.1579444727085602,2.16
41,Losartan Potasico,Losartán Potásico 50 Mg Genven Caja X 10 Comprimidos,Genven,Tableta,50,10,316.0,0.6666,0,https://www.farmatodo.com.ve/producto/111032110-losartan-potasico-50mg-10-comprimidos,2026-04-06,Venezuela,Farmatodo,https://www.farmatodo.com.ve/producto/111032110-losartan-potasico-50mg-10-comprimidos,0,0,0,0,0,1,0,0,1,0,1,0,0,-0.5442944388973635,1.055080061863333,1.9
140,Atorvastatina,ATORVACOF TAB 20MG X14 COFA,COFASA,Tableta,20,14,1910.46,4.03,1,https://www.farmaciasaas.com/cofasa-atorvacof-tab-20mg-x14-cofa-98600/p,2026-04-06,Venezuela,INHRR,https://inhrr.gob.ve/sismed/productos-farma/E.F.39.468,0,0,0,0,0,1,0,0,0,0,1,0,0,-0.037946559256805124,1.653366543368453,4.58
141,Atorvastatina,ATORVASTATINA TAB 20MG X30 FMED,FARMAMED,Tableta,20,30,777.46,1.64,0,https://www.farmaciasaas.com/farmamed-atorvastatina-tab-20mg-x30-fmed-53293/p,2026-04-06,India,GS1,https://www.gs1.org/services/verified-by-gs1/results?gtin=8906082150676,1,0,0,0,0,1,0,0,0,0,0,0,1,-0.27035341613371444,1.2411323332919393,2.31
26,Cetirizina,Cetirizina 10 Mg La Santé Caja X 10 Tabletas,Pharmetique Labs,Tableta,10,10,960.0,2.0251,0,https://www.farmatodo.com.ve/producto/111288604-cetirizina-10mg-x10-tabletas-la-sante,2026-04-06,Venezuela,INHRR,https://www.pharmetiquelabs.com.ve/producto/cetirizina-10mg-x10-tabletas-la-santelinea-alergo-respiratoria/,0,0,0,0,1,0,0,0,1,0,1,0,0,0.25288157862889493,0.8540625701587508,1.29
24,Cetirizina,Cetirizina 10mg Talzic Caja X 10 Comprimidos,Elmor,Tableta,10,10,880.0,1.8563,1,https://www.farmatodo.com.ve/producto/111019130-cetirizina-talzic-10-mg-x-10-comprimidos,2026-04-06,Venezuela,INHRR,https://inhrr.gob.ve/sismed/productos-farma/E.F.28.274,0,0,0,0,1,0,0,0,1,0,1,0,0,-0.3202355142940343,1.3697625952716526,3.1
136,Amoxicilina,AMOXIDUO COMP 875MG X14 MEG,MEGALABS,Tableta,875,14,6110.63,12.89,1,https://www.farmaciasaas.com/klinos-amoxiduo-comp-875mg-x14-meg-1481/p,2026-04-06,Argentina,INHRR,https://inhrr.gob.ve/sismed/productos-farma/E.F.31.313,0,1,0,0,0,0,0,0,0,0,0,1,0,-0.3458576947687808,2.977026851535033,18.36
82,Amoxicilina,DISTRILAB AMOXICILINA 500MG X 10 CAPSULAS,DISTRILAB,Cápsula,500,10,1957.3,4.1288,0,https://www.locatel.com.ve/distrilab_amoxicilina_500mg_x_10_capsulas/p,2026-04-06,China,INHRR,https://inhrr.gob.ve/sismed/productos-farma/E.F.G.44.443,1,1,0,0,0,0,0,0,0,1,0,0,1,0.2774493754126022,1.3574223382783084,2.7
80,Amoxicilina,AMOXIDUO 875 MG X14 COMPRIMIDOS,MEGALABS,Tableta,875,14,6985.3,14.7351,1,https://www.locatel.com.ve/amoxiduo_compd_875mgx14/p,2026-04-06,Argentina,INHRR,https://inhrr.gob.ve/sismed/productos-farma/E.F.31.313,0,1,0,0,0,0,0,0,0,1,0,1,0,-0.22113296577988084,2.977026851535033,18.36
85,Atorvastatina,ALESS ATORVASTATINA  20 MG X 30 TABLETAS,ALESS,Tableta,20,30,2105.77,4.442,0,https://www.locatel.com.ve/atorvastatina_aless_20_mg_x_30_tab_/p,2026-04-06,India,INHRR,https://inhrr.gob.ve/sismed/productos-farma/E.F.G.44.252,0,0,0,0,0,1,0,0,0,1,0,0,1,0.4530143070691153,1.2411323332919393,2.31
40,Losartan Potasico,Losartán 100 Mg Nefrotal Rowe Caja X 30 Comprimidos,Rowe,Tableta,100,30,3800.0,8.0159,1,https://www.farmatodo.com.ve/producto/114078391-losartan-nefrotal-100mg-30-comprimidos-rowe,2026-04-06,Venezuela,INHRR,https://inhrr.gob.ve/sismed/productos-farma/E.F.35.488,0,0,0,0,0,1,0,0,1,0,1,0,0,0.1542983315616766,2.0446913537212095,6.95
179,Sertralina,TRALIX TAB 50MG X 30,MMF,Tableta,50,30,4057.95,8.56,1,https://www.farmaciasaas.com/pharmetique-tralix-tab-50mg-x-30-50749/p,2026-04-06,Colombia,Farmatodo,https://www.farmatodo.com.ve/producto/115569555-tralix-50mg-30tabletas,0,0,1,0,0,0,0,0,0,0,0,0,1,-0.20110809395895846,2.4586958210222685,10.51
87,Atorvastatina,ATORVASTATINA  20 MG X30 COMPRIMIDOS GENVEN,GENVEN,Tableta,20,30,3496.95,7.3766,0,https://www.locatel.com.ve/atorvastatina_gv_comp_20mgx30/p,2026-04-06,Venezuela,Farmatodo,https://www.farmatodo.com.ve/producto/111421896-atorvastatina-20mg-30-comprimidos,0,0,0,0,0,1,0,0,0,1,1,0,0,0.6208423695457663,1.504599734694754,3.32
128,Acetaminofen,ACETAMINOFEN TAB 650MG X10 CLX,CALOX,Tableta,650,10,241.77,0.51,0,https://www.farmaciasaas.com/calox-acetaminofen-tab-650mg-x10-clx-6236/p,2026-04-06,Venezuela,INHRR,https://inhrr.gob.ve/sismed/productos-farma/E.F.G.33.906,0,0,0,0,0,0,0,0,0,0,1,0,0,-0.6370856706403472,1.04919532146718,1.86
178,Sertralina,TIALIN COMP 50MG X30 MEG,MEGALABS,Tableta,50,30,5987.38,12.63,1,https://www.farmaciasaas.com/klinos-tialin-comp-50mg-x30-meg-1374/p,2026-04-06,Venezuela,INHRR,https://inhrr.gob.ve/sismed/productos-farma/E.F.30.062,0,0,1,0,0,0,0,0,0,0,1,0,0,-0.10988997671664169,2.722163222425083,14.02
153,Ibuprofeno,IBUPROFENO RELIFEN TAB 800MG X10 MEDV,MEDVAL,Tableta,800,10,1370.03,2.89,1,https://www.farmaciasaas.com/medval-ibuprofeno-relifen-tab-800mg-x10-medv-51968/p,2026-04-06,India,myHealthBox,https://myhealthbox.eu/es/taminol-1-g-100-ml-solucion-para-infusion/7776018,1,0,0,0,0,0,0,0,0,0,0,0,1,0.011246973865174592,1.3471621837651804,3.14
48,Metformina,Metformina 850 Mg Biumak Pharmaceuticals Caja X 30 Tabletas,Biumak Pharmaceuticals,Tableta,850,30,2360.0,4.9783,0,https://www.farmatodo.com.ve/producto/111969569-metformina-850mg-30tabletas-biumak-pharmaceuticals,2026-04-06,India,INHRR,https://inhrr.gob.ve/sismed/productos-farma/E.F.G.42.394,0,0,0,0,0,1,0,0,1,0,0,0,1,0.2939411264655418,1.4941951201450585,3.43
95,Fluconazol,FLUCONAZOL  150 MG X2 CAPSULAS GENVEN,GENVEN,Cápsula,150,2,1349.4,2.8465,0,https://www.locatel.com.ve/fluconazol_gv__caps_150mgx2_/p,2026-04-06,Venezuela,Farmatodo,https://www.farmatodo.com.ve/producto/111023875-fluconazol-150mg-2capsulas-genven,0,0,0,1,0,0,0,0,0,1,1,0,0,-0.013136831943651117,1.3603004758605033,2.88
139,Amoxicilina,AMOXICILINA CAP 500MG X12 LETI,LETI,Cápsula,500,12,1877.28,3.96,0,https://www.farmaciasaas.com/leti-amoxicilina-cap-500mg-x12-leti-25978/p,2026-04-06,Venezuela,INHRR,https://inhrr.gob.ve/sismed/productos-farma/E.F.G.39.124,1,1,0,0,0,0,0,0,0,0,1,0,0,-0.06535065099918747,1.6667563917360235,4.03
171,Nitrofurantoina,MACRODANTINA CAP 50MG X30 FAR,FARMA,Cápsula,50,30,5333.17,11.25,1,https://www.farmaciasaas.com/farma-macrodantina-cap-50mg-x30-far-2247/p,2026-04-06,Venezuela,INHRR,https://inhrr.gob.ve/sismed/productos-farma/E.F.16.065,0,1,0,0,0,0,0,0,0,0,1,0,0,0.047472367411447,2.458053569579289,10.09
62,Omeprazol,Omeprazol 20 Mg La Santé Caja X 8 Cápsulas,La Santé,Cápsula,20,8,1545.0,3.2591,0,https://www.farmatodo.com.ve/producto/111027464-omeprazol-20mg-x8-capsulas-la-sante,2026-04-06,Venezuela,Pharmetique,https://www.pharmetiquelabs.com.ve/producto/omeprazol-20mg-x8-capsulas-la-sante/,0,0,0,0,0,0,1,0,1,0,1,0,0,0.30495718187965015,1.144100688475851,2.19
74,Acido Valproico,VALPROATO DE SODIO 500 MG X30 TABLETAS,RELIANCE,Tableta,500,30,4575.9,9.6526,0,https://www.locatel.com.ve/valproato_de_sodio_500_mg_x30_tabletas/p,2026-04-06,India,Locatel,https://www.locatel.com.ve/valproato_de_sodio_500_mg_x30_tabletas/p,0,0,0,0,0,0,0,1,0,1,0,0,1,0.02983165668706489,2.335972337128534,9.98
34,Ibuprofeno,Ibuprofeno 400 Mg Genven Caja X 10 Comprimidos,Genven,Tableta,400,10,1060.0,2.236,0,https://www.farmatodo.com.ve/producto/114713391-ibuprofeno-400mg-10-comprimidos-genven,2026-04-06,Venezuela,myHealthBox,https://myhealthbox.eu/es/ibuprofeno-400-mg-comprimidos-recubiertos/4517378,0,0,0,0,0,0,0,0,1,0,1,0,0,0.20136640870892042,0.9729715904873248,1.62
44,Metformina,Metformina 750 Mg Glucofage Xr Caja X 30 Tabletas Liberación Prolongada,Merck,Tableta,750,30,10095.0,21.2948,1,https://www.farmatodo.com.ve/producto/113953431-metformina-glucofage-xr-750mg-30-tabletas-lp-merck,2026-04-06,Francia,INHRR,https://inhrr.gob.ve/sismed/productos-farma/E.F.37.093,0,0,0,0,0,1,0,0,1,0,0,1,0,0.22711222698773037,2.8772412404302576,17.08
146,Cetirizina,CETIRIZINA TAB 10MG X10 CR DAC,CR DAC 55,Tableta,10,10,516.73,1.09,0,https://www.farmaciasaas.com/dac-cetirizina-tab-10mg-x10-cr-dac-26077/p,2026-04-06,India, INHRR,https://inhrr.gob.ve/sismed/productos-farma/E.F.G.43.774,0,0,0,0,1,0,0,0,0,0,0,0,1,0.1465688972207836,0.5905951687559361,0.75
143,Atorvastatina,ATORVASTATINA TAB 20MG X14 PHARME,MMF,Tableta,20,14,1763.5,3.72,1,https://www.farmaciasaas.com/la-sante-atorvastatina-tab-20mg-x14-pharme-11565/p,2026-04-06,Venezuela,INHRR,https://inhrr.gob.ve/sismed/productos-farma/E.F.32.709,0,0,0,0,0,1,0,0,0,0,1,0,0,-0.10155774377098892,1.653366543368453,4.58
63,Sertralina,Sertralina 50 Mg Tialin Megalabs Caja X 30 Comprimidos,Megalabs,Tableta,50,30,6560.0,13.8379,1,https://www.farmatodo.com.ve/producto/111021747-sertralina-tialin-50-mg-x-30-comprimidos,2026-04-06,Venezuela,INHRR,https://inhrr.gob.ve/sismed/productos-farma/E.F.30.062,0,0,1,0,0,0,0,0,1,0,1,0,0,-0.024978504133215562,2.722163222425083,14.02
181,Sertralina,SERTRALINA TAB 50MG X10 CR LATT,CR LATTAN MEDIC,Tableta,50,10,1426.92,3.01,0,https://www.farmaciasaas.com/lattan-medic-sertralina-tab-50mg-x10-cr-latt-23483/p,2026-04-06,India, INHRR,https://inhrr.gob.ve/sismed/productos-farma/E.F.G.43.705,1,0,1,0,0,0,0,0,0,0,0,0,1,-0.09553803404188499,1.4843292753603627,3.28
120,Sertralina,TIALIN 50 MG X30 COMPRIMIDOS,MEGALABS,Tableta,50,30,6560.0,13.8379,1,https://www.locatel.com.ve/tialin_50_mg_x30_comprimidos/p,2026-04-06,Venezuela,INHRR,https://inhrr.gob.ve/sismed/productos-farma/E.F.30.062,0,0,1,0,0,0,0,0,0,1,1,0,0,-0.024978504133215562,2.722163222425083,14.02
123,Sertralina,CALOX SERTRALINA 50 MG X10 TABLETAS,CALOX,Tableta,50,10,2272.36,4.7934,0,https://www.locatel.com.ve/calox_sertralina_50_mg_x10_tabletas/p,2026-04-06,Colombia,INHRR,https://inhrr.gob.ve/sismed/productos-farma/E.F.G.36.820,0,0,1,0,0,0,0,0,0,1,0,0,1,0.272390063222425,1.4843292753603627,3.28
108,Metformina,ALESS METFORMINA 500 MG X30 TABLETAS,ALESS,Tableta,500,30,1677.23,3.538,0,https://www.locatel.com.ve/aless_metformina_tabletas_500mg_x30/p,2026-04-06,India,INHRR,https://inhrr.gob.ve/sismed/productos-farma/E.F.G.42.260,0,0,0,0,0,1,0,0,0,1,0,0,1,0.1250044895843887,1.3874818967732614,2.92
54,Nitrofurantoina,Nitrofurantoina 100 Mg Maxifur Forte Tiares Caja X 30 Cápsulas,Tiares,Cápsula,100,30,4260.0,8.9862,1,https://www.farmatodo.com.ve/producto/116294531-maxifur-50mg-30capsulas-nitrofurantoina-tiares,2026-04-06,India,Farmatodo,https://www.farmatodo.com.ve/producto/116294531-maxifur-50mg-30capsulas-nitrofurantoina-tiares,0,1,0,0,0,0,0,0,1,0,0,0,1,0.09137322554466865,2.2098309143724455,7.65
6,Acido Valproico,Ácido Valproico 500 Mg Valpron Laboratorios Farma Caja X 60 Tabletas,Laboratorios Farma,Tableta,500,60,18385.0,38.782,1,https://www.farmatodo.com.ve/producto/111025673-valproato-de-sodio-valpron-500-mg-x-60-tabletas,2026-04-06,Venezuela,INHRR, https://inhrr.gob.ve/sismed/productos-farma/E.F.23.174,0,0,0,0,0,0,0,1,1,0,1,0,0,-0.11972499578488716,3.803139544467756,46.26
165,Metformina,METFORMINA TAB 500MG X30 FMED,FARMAMED,Tableta,500,30,1076.12,2.27,0,https://www.farmaciasaas.com/farmamed-metformina-tab-500mg-x30-fmed-51771/p,2026-04-06,India,GS1,https://www.gs1.org/services/verified-by-gs1/results?gtin=8906082150744,0,0,0,0,0,1,0,0,0,0,0,0,1,-0.2026919118640993,1.3874818967732614,2.92
4,Acetaminofen,Acetaminofén 500 Mg Calox Caja X 10 Tabletas,Calox,Tableta,500,10,305.0,0.6434,0,https://www.farmatodo.com.ve/producto/114592518-acetaminofen-500mg-10-tabletas-calox,2026-04-06,Venezuela,INHRR,https://inhrr.gob.ve/sismed/productos-farma/E.F.G.31.234,0,0,0,0,0,0,0,0,1,0,1,0,0,-0.5066938163643165,1.003461082879267,1.72
170,Metronidazol,METRONIDAZOL TAB 500MG X10 FMED,FARMAMED,Tableta,500,10,668.42,1.41,0,https://www.farmaciasaas.com/farmamed-metronidazol-tab-500mg-x10-fmed-51772/p,2026-04-06,India,GS1,https://www.gs1.org/services/verified-by-gs1/results?gtin=8906082150966,0,1,0,0,0,0,0,0,0,0,0,0,1,-0.47779559077574485,1.3574223382783084,2.7
50,Metronidazol,Metronidazol 500 Mg Aless Pharmaceuticals Caja X 10 Tabletas,Aless Pharmaceuticals,Tableta,500,10,700.0,1.4766,0,https://www.farmatodo.com.ve/producto/113653403-metronidazol-500mg-10-tabletas-aless-pharmaceuticals,2026-04-06,India,INHRR,https://inhrr.gob.ve/sismed/productos-farma/E.F.G.42.530,1,1,0,0,0,0,0,0,1,0,0,0,1,-0.4505356864794473,1.3574223382783084,2.7
36,Loratadina,Loratadina 10mg Loradex Caja X 10 Tabletas,PlusAndex,Tableta,10,10,555.0,1.1707,1,https://www.farmatodo.com.ve/producto/112166355-loratadina-loradex-10mg-10tab,2026-04-06,Venezuela,INHRR,https://inhrr.gob.ve/sismed/productos-farma/E.F.36.543,0,0,0,0,1,0,0,0,1,0,1,0,0,-0.594712899092073,1.3697625952716526,3.1
81,Amoxicilina,LA SANTE AMOXICILINA 500 MGX6  CAPSULAS,LA SANTE,Cápsula,500,6,1833.23,3.8671,0,https://www.locatel.com.ve/amoxicilina_elt_caps_500mgx6/p,2026-04-06,India,INHRR,https://inhrr.gob.ve/sismed/productos-farma/E.F.G.39.107,1,1,0,0,0,0,0,0,0,1,0,0,1,0.316809243009641,1.2656890341685076,2.41
78,Amlodipina,LA SANTE AMLODIPINA  10 MG X10 TABLETAS,LA SANTE,Tableta,10,10,766.75,1.6174,0,https://www.locatel.com.ve/la_sante_amlodipina_tabletas_10mgx10/p,2026-04-06,Venezuela,Pharmetique,https://www.pharmetiquelabs.com.ve/producto/amlodipina-10mg-x10-tabletas-la-sante/,0,0,0,0,0,1,0,0,0,1,1,0,0,-0.08070280626731297,1.0428842649065562,1.86
35,Ibuprofeno,Ibuprofeno 200 Mg La Santé Caja X 10 Tabletas,La Santé,Tableta,200,10,1065.0,2.2466,0,https://www.farmatodo.com.ve/producto/111967347-ibuprofeno-200mg-x10-tabletas-la-sante,2026-04-06,Colombia,INHRR,https://inhrr.gob.ve/sismed/productos-farma/E.F.G.35.071,1,0,0,0,0,0,0,0,1,0,0,0,1,0.5290830905939815,0.6485252043006261,0.87
47,Metformina,Metformina 500 Mg Calox Caja X 14 Tabletas,Calox,Tableta,500,14,1990.0,4.1978,0,https://www.farmatodo.com.ve/producto/113272361-metformina-500mg-14-tabletas-calox,2026-04-06,Venezuela,INHRR,https://inhrr.gob.ve/sismed/productos-farma/E.F.G.42.358,0,0,0,0,0,1,0,0,1,0,1,0,0,0.36421937740513943,1.284016081736873,2.69
8,Acido Valproico,Valproato De Sodio Lp 500mg 14tabletas Lattan Medic,Lattan Medic,Tableta,500,14,2845.0,6.0014,0,https://www.farmatodo.com.ve/producto/114684391-valproato-de-sodio-lp-500mg-14tabletas-lattan-medic,2026-04-06,India, INHRR,https://inhrr.gob.ve/sismed/productos-farma/E.F.G.43.705,1,0,0,0,0,0,0,1,1,0,0,0,1,-0.022928991631351536,1.9690391206893312,6.93
113,Nitrofurantoina,MAXIFUR FORTE 100MG X 30 CAPSULAS,TIARES,Cápsula,100,30,4972.57,10.4893,1,https://www.locatel.com.ve/maxifur_forte_100mg_x_30_capsulas/p,2026-04-06,India,Farmatodo,https://www.farmatodo.com.ve/producto/116294531-maxifur-50mg-30capsulas-nitrofurantoina-tiares,0,1,0,0,0,0,0,0,0,1,0,0,1,0.23158525309102496,2.2098309143724455,7.65
92,Fluconazol,FLUCON 200 MG X4 CAPSULAS,ROWE,Cápsula,200,4,2500.0,5.2736,1,https://www.locatel.com.ve/flucon_200_mg_x4_capsulas/p,2026-04-06,Venezuela,INHRR,https://inhrr.gob.ve/sismed/productos-farma/E.F.41.686,0,0,0,1,0,0,0,0,0,1,1,0,0,-0.10076154666834647,1.9371118992242766,6.37
84,Atorvastatina,COFASA ATORVACOF 20 MG X14 TABLETAS RECUBIERTAS,COFASA,Tableta,20,14,1785.27,3.7659,1,https://www.locatel.com.ve/cofasa_atorvacof_tabletas_recubiertas_20mg_x14/p,2026-04-06,Venezuela,INHRR,https://inhrr.gob.ve/sismed/productos-farma/E.F.39.468,0,0,0,0,0,1,0,0,0,1,1,0,0,-0.0918801468675452,1.653366543368453,4.58
162,Losartan Potasico,LOSARTAN POTA TAB REC 50MG X30 CLX,CALOX,Tableta,50,30,583.09,1.23,0,https://www.farmaciasaas.com/calox-losartan-pota-tab-rec-50mg-x30-clx-99640/p,2026-04-06,Venezuela,INHRR,https://inhrr.gob.ve/sismed/productos-farma/E.F.G.34.265,0,0,0,0,0,1,0,0,0,0,1,0,0,-0.7117449969403092,1.5137465824123366,3.36
166,Metformina,METFORMINA TAB 850MG X14 CLX,CALOX,Tableta,850,14,1910.46,4.03,0,https://www.farmaciasaas.com/calox-metformina-tab-850mg-x14-clx-22083/p,2026-04-06,Venezuela,INHRR,https://inhrr.gob.ve/sismed/productos-farma/E.F.G.32.508,0,0,0,0,0,1,0,0,0,0,1,0,0,0.22469067900297746,1.3907293051086704,3.17
90,Cetirizina,LA SANTE CETIRIZINA 10 MG X10 TABLETAS,LA SANTE,Tableta,10,10,805.66,1.6995,0,https://www.locatel.com.ve/la_sante_cetirizina_10_mg_x10_tabletas/p,2026-04-06,Venezuela,Pharmetique,https://www.pharmetiquelabs.com.ve/producto/cetirizina-10mg-x10-tabletas-la-santelinea-alergo-respiratoria/,0,0,0,0,1,0,0,0,0,1,1,0,0,0.13900400051745387,0.8540625701587508,1.29
9,Amlodipina,//Amlodipina 5 Mg Lodipin Megalabs Caja X 10 Comprimidos,Megalabs,Tableta,5,10,1440.0,3.0376,1,https://www.farmatodo.com.ve/producto/112123380-lodipin-5mg-10-comp-amlodipina-klinos,2026-04-06,Venezuela,INHRR,https://inhrr.gob.ve/sismed/productos-farma/E.F.42.089,0,0,0,0,0,1,0,0,1,0,1,0,0,-0.16140935935594558,1.557059815399861,4.11
14,Amoxicilina,Amoxicilina 500 Mg Amoxival Valmor Caja X 12 Cápsulas,Valmor,Cápsula,500,12,2855.0,6.0224,1,https://www.farmatodo.com.ve/producto/111012721-amoxicilina-amoxival-500-mg-x-12-capsulas-valmor,2026-04-06,Venezuela,INHRR,https://inhrr.gob.ve/sismed/productos-farma/E.F.21.824,0,1,0,0,0,0,0,0,1,0,1,0,0,-0.2333513768970923,2.182456416848925,8.0
60,Omeprazol,Omeprazol 20 Mg Genven Caja X 8 Cápsulas,Genven,Cápsula,20,8,920.0,1.9407,0,https://www.farmatodo.com.ve/producto/111090852-omeprazol-20mg--8-capsulas,2026-04-06,Venezuela,Farmatodo,https://www.farmatodo.com.ve/producto/111090852-omeprazol-20mg--8-capsulas,0,0,0,0,0,0,1,0,1,0,1,0,0,-0.06545304022733833,1.144100688475851,2.19
156,Ibuprofeno,IBUPROFENO TAB REC 400MG X10 ALESS,ALESS,Tableta,400,10,772.72,1.63,0,https://www.farmaciasaas.com/aless-ibuprofeno-tab-rec-400mg-x10-aless-27482/p,2026-04-06,India,INHRR,https://inhrr.gob.ve/sismed/productos-farma/E.F.G.42.563,0,0,0,0,0,0,0,0,0,0,0,0,1,0.25747965710516296,0.7095041890845102,1.01
134,Amlodipina,AMLODIPINA TAB 5MG X10 CLX,CALOX,Tableta,5,10,725.31,1.53,0,https://www.farmaciasaas.com/calox-amlodipina-tab-5mg-x10-clx-9204/p,2026-04-06,Venezuela,INHRR,https://inhrr.gob.ve/sismed/productos-farma/E.F.G.28.705,0,0,0,0,0,1,0,0,0,0,1,0,0,-0.11314048754753026,1.0413597902869591,1.86
18,Atorvastatina,Atorvastatina 40 Mg Atovarol Vivax Caja X 30 Cápsulas,Vivax,Cápsula,40,30,7155.0,15.093,1,https://www.farmatodo.com.ve/producto/111405907-atorvastatina-atovarol-40-mg-x-30-capsulas,2026-04-06,Venezuela,Farmatodo,https://www.farmatodo.com.ve/producto/111405907-atorvastatina-atovarol-40-mg-x-30-capsulas,0,0,0,0,0,1,0,0,1,0,1,0,0,0.7519867365503137,2.026397658286044,6.78
73,Acido Valproico,DIALPRON 500 MG X30 TABLETAS RECUBIERTAS,DISTRILAB,Tableta,500,30,13167.16,27.7753,1,https://www.locatel.com.ve/dialpron_500_mg_x30_tabletas_recubiertas/p,2026-04-06,Venezuela,Distrilab,https://distrilabve.com/produc/dialpron/,0,0,0,0,0,0,0,1,0,1,1,0,0,0.24437761662611646,3.1151397636442506,24.65
159,Loratadina,LORATADINA TAB 10MG X10 ALESS,ALESS,Tableta,10,10,511.98,1.08,0,https://www.farmaciasaas.com/aless-loratadina-tab-10mg-x10-aless-27625/p,2026-04-06,India,INHRR,https://inhrr.gob.ve/sismed/productos-farma/E.F.G.42.440,0,0,0,0,1,0,0,0,0,0,0,0,1,0.14177272495729054,0.5905951687559361,0.75
137,Amoxicilina,AMOXICILINA CAP 500MG X 10 DISTR,CR DISTRILAB,Cápsula,500,10,1194.63,2.52,0,https://www.farmaciasaas.com/distrilab-amoxicilina-cap-500mg-x-10-distr-30058/p,2026-04-06,China,INHRR,https://inhrr.gob.ve/sismed/productos-farma/E.F.G.44.443,1,1,0,0,0,0,0,0,0,0,0,0,1,-0.09896134866830275,1.3574223382783084,2.7
167,Metformina,METFORMINA CLORH COM 500MG X 60 AZEVEDOS,Doropharma,Tableta,500,60,2526.74,5.33,0,https://www.farmaciasaas.com/doropharma-metformina-clorh-com-500mg-x-60-azevedos-29787/p,2026-04-06,Portugal,INHRR,https://inhrr.gob.ve/sismed/productos-farma/E.F.G.38.534,0,0,0,0,0,1,0,0,0,0,1,0,0,-0.49364884284349664,2.3389490789995815,8.41
168,Metronidazol,METRONIDAZOL TAB 500MG X10 ALESS,ALESS,Tableta,500,10,564.13,1.19,0,https://www.farmaciasaas.com/aless-metronidazol-tab-500mg-x10-aless-21407/p,2026-04-06,India,INHRR,https://inhrr.gob.ve/sismed/productos-farma/E.F.G.42.530,1,1,0,0,0,0,0,0,0,0,0,0,1,-0.573520794449899,1.3574223382783084,2.7
64,Sertralina,Sertralina 50 Mg Tralix Pharmetique Labs Caja X 30 Tabletas,Pharmetique Labs,Tableta,50,30,6420.0,13.5426,1,https://www.farmatodo.com.ve/producto/115569555-tralix-50mg-30tabletas,2026-04-06,Colombia,Farmatodo,https://www.farmatodo.com.ve/producto/115569555-tralix-50mg-30tabletas,0,0,1,0,0,0,0,0,1,0,0,0,1,0.21838645215363695,2.4586958210222685,10.51
55,Nitrofurantoina,Nitrofurantoina 50 Mg Dac X 30 Tabletas,Medicamentos Dac 55,Tableta,50,30,200.0,0.4219,0,https://www.farmatodo.com.ve/producto/115674646-nitrofurantoina-50-mg-dac-x-30-tabletas,2026-04-06,India,Farmatodo,https://www.farmatodo.com.ve/producto/115674646-nitrofurantoina-50-mg-dac-x-30-tabletas,0,1,0,0,0,0,0,0,1,0,0,0,1,-1.3268921376433809,1.6788861430635726,3.75
110,Metronidazol,METROVAX  500 MG X15 CAPSULAS,VIVAX,Cápsula,500,15,5004.78,10.5573,1,https://www.locatel.com.ve/metrovax_caps_500mgx15/p,2026-04-06,Venezuela,INHRR,https://inhrr.gob.ve/sismed/productos-farma/E.F.27.205,0,1,0,0,0,0,0,0,0,1,1,0,0,0.19606087701879238,2.251256394931276,8.56
51,Metronidazol,Metronidazol 500mg Remeny Caja X 10 Tabletas,Remeny,Tableta,500,10,1360.0,2.8688,0,https://www.farmatodo.com.ve/producto/111970855-metronidazol-500mg-10tabletas-remeny,2026-04-06,India,INHRR,https://inhrr.gob.ve/sismed/productos-farma/E.F.G.43.315,0,1,0,0,0,0,0,0,1,0,0,0,1,-0.004477956839971986,1.3574223382783084,2.7
180,Sertralina,SERTRALINA TAB 50MG X14 CR CCM,CR CCM,Tableta,50,14,867.53,1.83,0,https://www.farmaciasaas.com/ccm-sertralina-tab-50mg-x14-cr-ccm-22393/p,2026-04-06,México,Farmatodo,https://www.farmatodo.com.ve/producto/112042424-olanzapina-10mg-14tabletas-psicofarma,1,0,1,0,0,0,0,0,0,0,0,0,1,-0.5357858678150171,1.5760625794701635,3.64
59,Omeprazol,Omeprazol 20 Mg Omefar Quim-far Caja X 14 Cápsulas,Quim-Far,Cápsula,20,14,690.0,1.4555,1,https://www.farmatodo.com.ve/producto/115374483-omefar-20mg-14capsulas,2026-04-06,India,Farmatodo,https://www.farmatodo.com.ve/producto/115374483-omefar-20mg-14capsulas,0,0,0,0,0,0,1,0,1,0,0,0,1,-0.635602861853477,1.5339332683506393,3.95
49,Metronidazol,Metronidazol 500mg Metrovax Caja X 15 Cápsulas,Vivax,Cápsula,500,15,5445.0,11.4859,1,https://www.farmatodo.com.ve/producto/111007754-metronidazol-metrovax-500-mg-x-15-capsulas,2026-04-06,Venezuela,INHRR,https://inhrr.gob.ve/sismed/productos-farma/E.F.27.205,0,1,0,0,0,0,0,0,1,0,1,0,0,0.27334361270615837,2.251256394931276,8.56
89,Cetirizina,DOLLDER TALERC COMPRIMIDOS 10MG X 10,DOLLDER,Tableta,10,10,1197.06,2.5251,1,https://www.locatel.com.ve/dollder_talerc_comprimidos_10mg_x_10/p,2026-04-06,Venezuela,INHRR,https://inhrr.gob.ve/sismed/productos-farma/E.F.32.057,0,0,0,0,1,0,0,0,0,1,1,0,0,-0.10985379061548084,1.3697625952716526,3.1
22,Atorvastatina,Atorvastatina 40 Mg Dac Caja X 30 Tabletas,Medicamentos Dac 55,Tableta,40,30,2765.0,5.8326,0,https://www.farmatodo.com.ve/producto/113685499-atorvastatina-dac-40mg-x30-tabletas,2026-04-06,India,Farmatodo,https://www.farmatodo.com.ve/producto/113685499-atorvastatina-dac-40mg-x30-tabletas,0,0,0,0,0,1,0,0,1,0,0,0,1,0.6744750428738653,1.2472302317703277,2.33
58,Omeprazol,Omeprazol 20mg Omeflux Aless Pharmaceuticals Caja X 10 Cápsulas,Deutsche Labs,Cápsula,20,10,690.0,1.4555,1,https://www.farmatodo.com.ve/producto/113642405-omeprazol-omeflux-20mg-10-capsulas-aless-pharmaceuticals,2026-04-06,India,INHRR,https://inhrr.gob.ve/sismed/productos-farma/E.F.42.357,0,0,0,0,0,0,1,0,1,0,0,0,1,-0.5438695577436761,1.4421999642408383,3.57
177,Omeprazol,OMEPRAZOL CAP 20MG X7 L.O,OFTALMI,Cápsula,20,7,1720.84,3.63,0,https://www.farmaciasaas.com/farmacia-saas-omeprazol-cap-20mg-x7-lo-9745/p,2026-04-06,Venezuela,INHRR,https://inhrr.gob.ve/sismed/productos-farma/E.F.G.43.452,1,0,0,0,0,0,1,0,0,0,1,0,0,0.4113895056497421,1.1211673624484007,2.13
132,Amlodipina,AMLODIPINA TAB 5MG X10 PHARME,MMF,Tableta,5,10,530.95,1.12,0,https://www.farmaciasaas.com/farmacia-saas-amlodipina-tab-5mg-x10-pharme-2417/p,2026-04-06,Venezuela,Pharmetique,https://www.pharmetiquelabs.com.ve/producto/amlodipina-10mg-x10-tabletas-la-sante/,1,0,0,0,0,1,0,0,0,0,1,0,0,-0.28994370160303795,1.0413597902869591,1.86
38,Loratadina,Loratadina 10 Mg Calox Caja X 10 Tabletas,Calox,Tableta,10,10,890.0,1.8774,0,https://www.farmatodo.com.ve/producto/111006736-loratadina-calox-10-mg-x-10-tabletas,2026-04-06,Venezuela,INHRR,https://inhrr.gob.ve/sismed/productos-farma/E.F.39.110,0,0,0,0,1,0,0,0,1,0,1,0,0,0.20282453846204485,0.8540625701587508,1.29
160,Loratadina,LORATADINA TAB 10MG X10 FMED,FARMAMED,Tableta,10,10,611.54,1.29,0,https://www.farmaciasaas.com/farmamed-loratadina-tab-10mg-x10-fmed-53300/p,2026-04-06,India,GS1,https://www.gs1.org/services/verified-by-gs1/results?gtin=8906082150676,1,0,0,0,1,0,0,0,0,0,0,0,1,0.23795664881021217,0.5905951687559361,0.75
173,Nitrofurantoina,NITROFURANTOINA TAB 100MG X10 CLEO,ANGELUS HEALTH,Tableta,100,10,1019.23,2.15,0,https://www.farmaciasaas.com/angelus-nitrofurantoina-tab-100mg-x10-cleo-25663/p,2026-04-06,India,INHRR,https://inhrr.gob.ve/sismed/productos-farma/E.F.G.43.051,0,1,0,0,0,0,0,0,0,0,0,0,1,-0.08806191587299828,1.23546436871054,2.21
2,Acetaminofen,Acetaminofén 650 Mg Apyrene Fc Pharma Caja X 10 Cápsulas,FC Pharma,Cápsula,650,10,2065.0,4.356,1,https://www.farmatodo.com.ve/producto/111339895-acetaminofen-apyrene-650-mg-x-10-capsulas,2026-04-06,Venezuela,INHRR,https://inhrr.gob.ve/sismed/productos-farma/E.F.34.521,0,0,0,0,0,0,0,0,1,0,1,0,0,0.11332208124884424,1.564895346580082,4.13
53,Nitrofurantoina,Macrocristales De Nitrofurantoina 50 Mg Macrodantina Laboratorios Farma X 30 Cápsulas,Laboratorios Farma,Cápsula,50,30,5615.0,11.8445,1,https://www.farmatodo.com.ve/producto/111004853-macrocristrales-de-nitrofurantoina-macrodantina-50-mg-x-30-capsulas,2026-04-06,Venezuela,INHRR,https://inhrr.gob.ve/sismed/productos-farma/E.F.16.065,0,1,0,0,0,0,0,0,1,0,1,0,0,0.09486213457293013,2.458053569579289,10.09
152,Ibuprofeno,LUMBAX TAB 800MG X6 VARG,VARGAS,Tableta,800,6,3389.53,7.15,1,https://www.farmaciasaas.com/vargas-lumbax-tab-800mg-x6-varg-20721/p,2026-04-06,Venezuela,INHRR,https://inhrr.gob.ve/sismed/productos-farma/E.F.37.320,0,0,0,0,0,0,0,0,0,0,1,0,0,0.5791216461945772,1.5188962810581943,3.98
133,Amlodipina,AMLODIPINA COM 5 MG X 10 GENVEN,LETI,Tableta,5,10,564.13,1.19,0,https://www.farmaciasaas.com/leti-amlodipina-com-5-mg-x-10-genven-3361/p,2026-04-06,Venezuela,Farmatodo,https://www.farmatodo.com.ve/producto/111032099-amlodipina-5mg-30-comprimidos,1,0,0,0,0,1,0,0,0,0,1,0,0,-0.25745824645854976,1.0413597902869591,1.86
154,Ibuprofeno,IBUPROFENO TAB 400G X10 KMP,KMPLUS,Tableta,400,10,478.8,1.01,0,https://www.farmaciasaas.com/kmplus-pharmaceutical-ibuprofeno-tab-400g-x10-kmp-21399/p,2026-04-06,India,Farmatodo,https://www.farmatodo.com.ve/producto/116319566-mesalazina-500mg-30comprimidos-kmplus,1,0,0,0,0,0,0,0,0,0,0,0,1,-0.011369467013525814,0.7095041890845102,1.01
106,Metformina,GLUCOPHAGE 750MG X 30 COMP,ROCHE,Tableta,750,30,9948.54,20.9858,1,https://www.locatel.com.ve/glucophage_750mg_x_30_comp/p,2026-04-06,Francia,INHRR,https://inhrr.gob.ve/sismed/productos-farma/E.F.37.093,0,0,0,0,0,1,0,0,0,1,0,1,0,0.2131555499871407,2.8772412404302576,17.08
101,Loratadina,CALOX LORATADINA 10 MG X10 TABLETAS,CALOX,Tableta,10,10,843.42,1.7791,0,https://www.locatel.com.ve/calox_loratadina_10_mg_x10_tabletas/p,2026-04-06,Venezuela,INHRR,https://inhrr.gob.ve/sismed/productos-farma/E.F.G.27.529,0,0,0,0,1,0,0,0,0,1,1,0,0,0.16806456412116777,0.8540625701587508,1.29
119,Omeprazol,CALOX OMEPRAZOL 20 MG X28 CAPSULAS,CALOX,Cápsula,20,28,3080.94,6.4991,0,https://www.locatel.com.ve/calox_omeprazol_20_mg_x28_capsulas/p,2026-04-06,Venezuela,INHRR,https://inhrr.gob.ve/sismed/productos-farma/E.F.G.27.785,0,0,0,0,0,0,1,0,0,1,1,0,0,0.41201580431683427,1.6027672090248544,3.8
88,Cetirizina,GSK ZYRTEC 10MG X 20 COMP,GSK,Tableta,10,20,6682.36,14.096,1,https://www.locatel.com.ve/gsk_zyrtec_10mg_x_20_comp/p,2026-04-06,Bélgica,INHRR,https://inhrr.gob.ve/sismed/productos-farma/E.F.25.566,0,0,0,0,1,0,0,0,0,1,0,1,0,0.4809657663586697,2.2334640417075793,8.09
75,Acido Valproico,ACIDO VALPROICO CLEO 500MG X 30 TAB REC,CLEO,Tableta,500,30,7772.04,16.3946,0,https://www.locatel.com.ve/acido_valproico_cleo_500mg_x_30_tab_rec/p,2026-04-06,India,Farmatodo,https://www.farmatodo.com.ve/producto/115647576-vastron-acido-valproico-500-mg-cleo-x-30-tabletas,0,0,0,0,0,0,0,1,0,1,0,0,1,0.5201874760974414,2.335972337128534,9.98
124,Sertralina,LA SANTE SERTRALINA 50 MG X10 TABLETAS,LA SANTE,Tableta,50,10,2627.86,5.5433,0,https://www.locatel.com.ve/la_sante_sertralina_50_mg_x10_tabletas/p,2026-04-06,Venezuela,Pharmetique,https://www.pharmetiquelabs.com.ve/producto/sertralina-50mg-tab-x-10-00/,0,0,1,0,0,0,0,0,0,1,1,0,0,0.13064494860060205,1.7477966767631774,4.58
182,Sertralina,SERTRALINA TAB 50MG X10 PHARME,MMF,Tableta,50,10,1758.76,3.71,0,https://www.farmaciasaas.com/elter-sertralina-tab-50mg-x10-pharme-2960/p,2026-04-06,Venezuela,INHRR,https://inhrr.gob.ve/sismed/productos-farma/E.F.G.32.466,0,0,1,0,0,0,0,0,0,0,1,0,0,-0.19810876873485106,1.7477966767631774,4.58
21,Atorvastatina,Atorvastatina 20 Mg La Santé Caja X 14 Tabletas,La Santé,Tableta,20,14,2225.0,4.6935,0,https://www.farmatodo.com.ve/producto/111126487-atorvastatina-20mg-14-tabletas-la-sante,2026-04-06,Venezuela,Pharmetique,https://www.pharmetiquelabs.com.ve/producto/atorvastatina-20mg-14-tabletas-la-sante/,0,0,0,0,0,1,0,0,1,0,1,0,0,0.6016586550129717,1.137666518255551,2.12
72,Acido Valproico,VALPRON  500 MG X60 TABLETAS,FARMA,Tableta,500,60,18385.0,38.782,1,https://www.locatel.com.ve/valpron_tabl_500mgx60/p,2026-04-06,Venezuela,INHRR,https://inhrr.gob.ve/sismed/productos-farma/E.F.23.174,0,0,0,0,0,0,0,1,0,1,1,0,0,-0.11972499578488716,3.803139544467756,46.26
109,Metformina,CALOX METFORMINA  500  GMG X14 TABLETAS,CALOX,Tableta,500,14,1882.01,3.97,0,https://www.locatel.com.ve/metformina_calox_500gmgx14_tabletas/p,2026-04-06,Venezuela,INHRR,https://inhrr.gob.ve/sismed/productos-farma/E.F.G.42.358,0,0,0,0,0,1,0,0,0,1,1,0,0,0.31940375837166446,1.284016081736873,2.69
15,Amoxicilina,Amoxicilina 500 Mg Dac X 10 Cápsulas,Medicamentos Dac 55,Cápsula,500,10,1630.0,3.4384,0,https://www.farmatodo.com.ve/producto/114882401-amoxicilina-500-mg-x-10-capsulas-dac,2026-04-06,India,Farmatodo,https://www.farmatodo.com.ve/producto/114882401-amoxicilina-500-mg-x-10-capsulas-dac,0,1,0,0,0,0,0,0,1,0,0,0,1,0.13287161286006688,1.3574223382783084,2.7
93,Fluconazol,VIVAX FLUCONAZOL 150 MG X2 CAPSULAS,VIVAX,Cápsula,150,2,1129.21,2.382,0,https://www.locatel.com.ve/vivax_fluconazol_150_mg_x2_capsulas/p,2026-04-06,Colombia,INHRR,https://inhrr.gob.ve/sismed/productos-farma/E.F.28.745,0,0,0,1,0,0,0,0,0,1,0,0,1,0.12163417601869986,1.0968330744576886,1.98
105,Losartan Potasico,CALOX LOSARTAN POTASICO 50 MG X30 TABLETAS RECUBIERTAS,CALOX,Tableta,50,30,892.22,1.8821,0,https://www.locatel.com.ve/calox_losartan_potasico_50_mg_x30_tabletas_recubiertas/p,2026-04-06,Venezuela,INHRR,https://inhrr.gob.ve/sismed/productos-farma/E.F.G.34.265,0,0,0,0,0,1,0,0,0,1,1,0,0,-0.45522738731067114,1.5137465824123366,3.36
